{"best/epoch": 1, "best/precision": 0.6074968342618592, "best/recall": 0.009510240357433388, "best/mAP_0.5": 0.002906019165034302, "best/mAP_0.5:0.95": 0.0005693567456528971, "Labels": {"_type": "images/separated", "width": 2000, "height": 2000, "format": "jpg", "count": 2, "filenames": ["media/images/Labels_0_a5b46431879524f8012f.jpg", "media/images/Labels_0_9ba159d41da7e2944ba8.jpg"], "captions": ["labels_correlogram.jpg", "labels.jpg"]}, "Mosaics": {"_type": "images/separated", "width": 512, "height": 512, "format": "jpg", "count": 3, "filenames": ["media/images/Mosaics_0_8e242a4084c1ab78577d.jpg", "media/images/Mosaics_0_e75edbff71bcad8fc9e8.jpg", "media/images/Mosaics_0_c6c8386ecaf548fbae5d.jpg"], "captions": ["train_batch0.jpg", "train_batch1.jpg", "train_batch2.jpg"]}, "train/box_loss": 0.1497080773115158, "train/obj_loss": 0.007039027288556099, "train/cls_loss": 0.04376884549856186, "metrics/precision": 0.6075008081748537, "metrics/recall": 0.009510896281455076, "metrics/mAP_0.5": 0.002887252949137327, "metrics/mAP_0.5:0.95": 0.0005646648476902122, "val/box_loss": 0.14974656701087952, "val/obj_loss": 0.004551384598016739, "val/cls_loss": 0.05936216562986374, "x/lr0": 0.003361550151975684, "x/lr1": 0.003361550151975684, "x/lr2": 0.03679620060790274, "BoundingBoxDebugger": {"_type": "images/separated", "width": 160, "height": 160, "format": "png", "count": 16, "filenames": ["media/images/BoundingBoxDebugger_1_9cef0faea4ac57519f67.png", "media/images/BoundingBoxDebugger_1_ca7b1cba784f729af278.png", "media/images/BoundingBoxDebugger_1_52d778736b69c5156cbe.png", "media/images/BoundingBoxDebugger_1_5b2831e5fb788a786d2c.png", "media/images/BoundingBoxDebugger_1_3bc48665e1419f688011.png", "media/images/BoundingBoxDebugger_1_aaa61cb0956fad2ada1a.png", "media/images/BoundingBoxDebugger_1_0dd799ca0a27d01fc4bf.png", "media/images/BoundingBoxDebugger_1_b92b57d9311fd63e7ad1.png", "media/images/BoundingBoxDebugger_1_a0bd8bd9df6fad106a25.png", "media/images/BoundingBoxDebugger_1_336d828c96cdd84322c2.png", "media/images/BoundingBoxDebugger_1_d6a487b6aa01865066ca.png", "media/images/BoundingBoxDebugger_1_c4dcdd00e40ffd7907ba.png", "media/images/BoundingBoxDebugger_1_02b1171a7f2c6af48a04.png", "media/images/BoundingBoxDebugger_1_3a85dce3b3f15f466bd8.png", "media/images/BoundingBoxDebugger_1_c0a3b3aceb4a96a4ee41.png", "media/images/BoundingBoxDebugger_1_8f5f051b80795c188b4e.png"], "captions": ["P0003__1__0___0.jpg", "P1720__1__824___824.jpg", "P1720__1__824___2976.jpg", "P1720__1__824___2472.jpg", "P1720__1__824___1648.jpg", "P1720__1__824___0.jpg", "P1720__1__2976___824.jpg", "P1720__1__2976___2976.jpg", "P1732__1__0___0.jpg", "P1720__1__2976___2472.jpg", "P1720__1__2976___0.jpg", "P1720__1__2472___824.jpg", "P1720__1__2472___2976.jpg", "P1720__1__2472___2472.jpg", "P1720__1__2472___1648.jpg", "P1720__1__2472___0.jpg"], "all_boxes": [{"predictions": {"_type": "boxes2D", "sha256": "517882091aa831faaeb6802fa9ec6112f7a1847396c48f23e4a945b29ba84211", "size": 60384, "path": "media/metadata/boxes2D/BoundingBoxDebugger_1_517882091aa831faaeb6.boxes2D.json"}}, {"predictions": {"_type": "boxes2D", "sha256": "36483586f1e5198bad0bbedf01b38be963088f82085b0222d6168cc284390658", "size": 58432, "path": "media/metadata/boxes2D/BoundingBoxDebugger_1_36483586f1e5198bad0b.boxes2D.json"}}, {"predictions": {"_type": "boxes2D", "sha256": "af29c5431203744fc82cac43e072b5d8811afad34dd041553889eb513c0556ed", "size": 58340, "path": "media/metadata/boxes2D/BoundingBoxDebugger_1_af29c5431203744fc82c.boxes2D.json"}}, {"predictions": {"_type": "boxes2D", "sha256": "af56fbc860aa9f05f3465d2808962a115b7035701bbc80abac7afaae5d659048", "size": 58566, "path": "media/metadata/boxes2D/BoundingBoxDebugger_1_af56fbc860aa9f05f346.boxes2D.json"}}, {"predictions": {"_type": "boxes2D", "sha256": "82394b8816d9bfa5bd874a79a19f5734ffd5e50e047f72d653601f42dcfc1fc0", "size": 58453, "path": "media/metadata/boxes2D/BoundingBoxDebugger_1_82394b8816d9bfa5bd87.boxes2D.json"}}, {"predictions": {"_type": "boxes2D", "sha256": "ac54aea838769a2ecb7979a4c4ac07571817c9862d315d0d565730dc50e1e7a0", "size": 58693, "path": "media/metadata/boxes2D/BoundingBoxDebugger_1_ac54aea838769a2ecb79.boxes2D.json"}}, {"predictions": {"_type": "boxes2D", "sha256": "b6fba60ddfdacce5e0088c424a017f3c97aa6e6f36bda5829fbaa71dc4cef50b", "size": 58290, "path": "media/metadata/boxes2D/BoundingBoxDebugger_1_b6fba60ddfdacce5e008.boxes2D.json"}}, {"predictions": {"_type": "boxes2D", "sha256": "70c7066a8fa69a8e49da99f9f012e7f12c80d5bec1da333da7eadf440c16b648", "size": 58418, "path": "media/metadata/boxes2D/BoundingBoxDebugger_1_70c7066a8fa69a8e49da.boxes2D.json"}}, {"predictions": {"_type": "boxes2D", "sha256": "32ebb33d36de4b916c9bfd3795803234bcacf7e6b6891fe627ce563e2a26a3ab", "size": 58752, "path": "media/metadata/boxes2D/BoundingBoxDebugger_1_32ebb33d36de4b916c9b.boxes2D.json"}}, {"predictions": {"_type": "boxes2D", "sha256": "d6b38c00d0348c74ccedb4f726952c7d965bf11d0662db23d72b55520dee7d84", "size": 58500, "path": "media/metadata/boxes2D/BoundingBoxDebugger_1_d6b38c00d0348c74cced.boxes2D.json"}}, {"predictions": {"_type": "boxes2D", "sha256": "06f80d83607ce919b5629c1125b01da08b38ea89b00054f0ff87789a23ec26f2", "size": 58426, "path": "media/metadata/boxes2D/BoundingBoxDebugger_1_06f80d83607ce919b562.boxes2D.json"}}, {"predictions": {"_type": "boxes2D", "sha256": "5af5f9e8cf571714c2f106218f8e632278cb792584ac02d95ea03b8854c6f2fe", "size": 58252, "path": "media/metadata/boxes2D/BoundingBoxDebugger_1_5af5f9e8cf571714c2f1.boxes2D.json"}}, {"predictions": {"_type": "boxes2D", "sha256": "079dcf3f92189207d3289bddf9556ff03de312f180758d3996aa35fc1dac12e7", "size": 58181, "path": "media/metadata/boxes2D/BoundingBoxDebugger_1_079dcf3f92189207d328.boxes2D.json"}}, {"predictions": {"_type": "boxes2D", "sha256": "bb057ead7247b8535f206b00f1994f052f4830bfca2482373548d382b50f5b9d", "size": 58454, "path": "media/metadata/boxes2D/BoundingBoxDebugger_1_bb057ead7247b8535f20.boxes2D.json"}}, {"predictions": {"_type": "boxes2D", "sha256": "d006021fb66bf547d37f011b7dfb790433a8d85837c4eadd2a9f40d43217698a", "size": 58459, "path": "media/metadata/boxes2D/BoundingBoxDebugger_1_d006021fb66bf547d37f.boxes2D.json"}}, {"predictions": {"_type": "boxes2D", "sha256": "a2d2897aca781493eb59da7578c56ab61c8c47fbe4ca5165d2e41fd6e3e4e631", "size": 58299, "path": "media/metadata/boxes2D/BoundingBoxDebugger_1_a2d2897aca781493eb59.boxes2D.json"}}]}, "_timestamp": 1661995406.0351665, "_runtime": 636.330507516861, "_step": 2, "Validation": {"_type": "images/separated", "width": 640, "height": 640, "format": "jpg", "count": 6, "filenames": ["media/images/Validation_2_a816f30ba40673e1db92.jpg", "media/images/Validation_2_ef39f6990a8a8e263520.jpg", "media/images/Validation_2_a43ba50bb7bca5b88762.jpg", "media/images/Validation_2_72f0ef0d3a1ec468e05d.jpg", "media/images/Validation_2_49673bd0f0ef72b16e03.jpg", "media/images/Validation_2_c06cedb57a5b66c4ef9d.jpg"], "captions": ["val_batch0_labels.jpg", "val_batch0_pred.jpg", "val_batch1_labels.jpg", "val_batch1_pred.jpg", "val_batch2_labels.jpg", "val_batch2_pred.jpg"]}, "Results": {"_type": "images/separated", "width": 2400, "height": 1200, "format": "png", "count": 6, "filenames": ["media/images/Results_2_c0ac30d173b0eb5809c0.png", "media/images/Results_2_bcd4350e5375714b7245.png", "media/images/Results_2_07f8329f8a7b9e6d5b1c.png", "media/images/Results_2_ca649a4a1badf2caacaa.png", "media/images/Results_2_436666572efe136a2dff.png", "media/images/Results_2_05b05f2770ddf3d24b8e.png"], "captions": ["results.png", "confusion_matrix.png", "F1_curve.png", "PR_curve.png", "P_curve.png", "R_curve.png"]}, "_wandb": {"runtime": 633}}